{
  "0.01 %": {
    "count": 2,
    "tokens": 170145563.73414108,
    "tokensPercent": 14.746326576119593
  },
  "0.1 %": {
    "count": 22,
    "tokens": 597731900.3566562,
    "tokensPercent": 51.804758315042434
  },
  "1 %": {
    "count": 220,
    "tokens": 890308848.9711908,
    "tokensPercent": 77.16207670893226
  },
  "10 %": {
    "count": 2209,
    "tokens": 1103785415.3636813,
    "tokensPercent": 95.66385304258503
  },
  "25 %": {
    "count": 5522,
    "tokens": 1143260204.5040586,
    "tokensPercent": 99.08508906785707
  }
}
