{
  "10k": {
    "count": 18012,
    "tokens": 20479417.06065063,
    "tokensPercent": 1.7749282757485816
  },
  "100k": {
    "count": 3141,
    "tokens": 93929312.87792142,
    "tokensPercent": 8.140748970291318
  },
  "1m": {
    "count": 800,
    "tokens": 209026774.9921378,
    "tokensPercent": 18.11611786718967
  },
  "10m": {
    "count": 125,
    "tokens": 296760937.87379885,
    "tokensPercent": 25.719940084717408
  },
  "100m": {
    "count": 14,
    "tokens": 533620155.8979584,
    "tokensPercent": 46.248264802053015
  }
}